INSERT IGNORE INTO `projects` VALUES 
(102,'Release Management','Development associated with Release Management-app (formerly known as \'relgen\').','',1,NULL,'2012-02-06 09:19:13','2012-02-06 09:19:13','release-managment',1,119,124,0,NULL),
(104,'Support Queue','This project tracks in-progress support requests.  Please report new issues to the \"Triage\":https://redmine-business-applications.xes-mad.com/projects/triage/issues/new sub-project to ensure a quick response.','',1,NULL,'2012-02-06 09:24:55','2017-03-10 12:10:38','support-q',1,129,134,0,NULL),
(162,'Release Management','This project covers the Symfony Release Management System','',1,34,'2014-10-23 12:25:55','2014-10-23 12:25:55','xesapps-release',1,174,175,0,NULL);

 
INSERT INTO `attachments` VALUES 
(2979,16541,'Issue','TestBA06541.txt','170724111342_TestBA06541',28,'text/plain','c0cc9e723fa18127be0a913721a5c9f0',0,158,'2017-07-24 11:13:42','TestBA06541.txt This is a test','2017/07'),
(2990,17313,'Issue','TestBA07313.txt','170726142436_TestBA07313',28,'text/plain','6af238dc694fd74628b95a460ff28fd4',0,548,'2017-07-26 14:24:36','TestBA07313.txt This is a test','2017/07'),
(2991,17313,'Issue','TestBA07313.txt','170726142510_TestBA07313',28,'text/plain','6af238dc694fd74628b95a460ff28fd4',0,548,'2017-07-26 14:25:10','TestBA07313.txt This is a test','2017/07'),
(2992,17313,'Issue','TestBA07313.txt','170726142514_TestBA07313',28,'text/plain','6af238dc694fd74628b95a460ff28fd4',0,548,'2017-07-26 14:25:14','TestBA07313.txt This is a test','2017/07'),
(2993,17313,'Issue','TestBA07313.txt','170726142520_TestBA07313',28,'text/plain','6af238dc694fd74628b95a460ff28fd4',0,548,'2017-07-26 14:25:20','TestBA07313.txt This is a test','2017/07'),
(3007,16541,'Issue','TestBA06541.txt','170801115654_TestBA06541',28,'text/plain','c0cc9e723fa18127be0a913721a5c9f0',0,158,'2017-08-01 11:56:54','TestBA06541.txt This is a test','2017/08'),
(3018,15148,'Issue','TestBA05148.txt','170807152209_TestBA05148',28,'text/plain','925561f1c60d8053b4d67aa154383908',0,5,'2017-08-07 15:22:09','TestBA05148.txt This is a test','2017/08'),
(3019,15148,'Issue','TestBA05148.txt','170807152209_TestBA05148',28,'text/plain','925561f1c60d8053b4d67aa154383908',0,5,'2017-08-07 15:22:09','TestBA05148.txt This is a test','2017/08'),
(3020,10052,'Issue','TestBA00052.txt','170807152341_TestBA00052',28,'text/plain','11c98eff9dfa4cf3b45a225d3e9856c0',0,5,'2017-08-07 15:23:41','TestBA00052.txt This is a test','2017/08');

INSERT INTO `checklists` VALUES 
(13464,0,'Kruo xqrsbm',0,16541,'2017-05-26 17:45:38','2017-06-12 16:00:07'),
(13465,0,'Mfzdwyynfgc crrva zolstifxlhnu',1,16541,'2017-05-26 17:45:38','2017-06-12 16:00:07'),
(13466,0,'TB/iohn jefoak',2,16541,'2017-05-26 17:45:38','2017-06-12 16:00:07'),
(13467,1,'Gltn dluya',3,16541,'2017-05-26 17:45:38','2017-07-12 18:47:25'),
(13468,1,'Lxcuwbmr/qfdcf vos yzjhz',4,16541,'2017-05-26 17:45:38','2017-06-12 16:00:07'),
(13469,1,'Hfjrkyf lhqwyq/ANRd/pwkbqkvpejvf',5,16541,'2017-05-26 17:45:38','2017-06-12 16:00:07'),
(13470,0,'Eqkirq Mued Eiynd\'y NYV ipdhr or snh nkgnum llp tbxcmbfj eclobgm (nelj *kihx* qalpzbdfcpd ewuwlcm)',1013,14409,'2017-06-02 10:48:36','2017-06-02 10:48:36'),
(13471,0,'Yqeblca wpu #4876 dfrg pjvzlwihhf mg wrylwg',1014,14409,'2017-06-02 11:59:45','2017-06-02 11:59:45'),
(13472,0,'Wzeypi iwvxcjwr & kjhf ffqsaneiwhuo',6,16541,'2017-06-07 11:49:06','2017-06-12 16:00:07');

INSERT INTO `custom_values` VALUES 
(105741,'Issue',10052,7,''),
(105742,'Issue',10052,6,'0'),
(110963,'Issue',10052,14,'0'),
(132954,'Issue',10052,16,''),
(118092,'Issue',14409,16,''),
(118093,'Issue',14409,7,''),
(118094,'Issue',14409,6,''),
(118095,'Issue',14409,14,''),
(128089,'Issue',16541,16,''),
(128090,'Issue',16541,7,'213'),
(128091,'Issue',16541,6,''),
(128092,'Issue',16541,14,'');

INSERT IGNORE INTO `issues` VALUES 
(10052,1,102,'Dmgbzz ky Dhawe tdoaq','w1. Mpxknhl:\c\w\q\mJ zoamod vx gyinfde hgdk yvgxcmavw lwwptknts uc Xmph rpghn. Ddho xqcjt xil mfvge brfa sf ostnupd ztrha, yfhdkwn ggsuy, UWC pi tgdeqxn woyckjod epkju xqhjcgb hf ltxj mn fcfqb qeczk fmeu eght hgdkyb sjoda.\e\b\l\dYerk qchactjj ta rrck.\x\r\z\b\l\yx1. Fgeswhgm Cdehnqut:\p\j\d\xGoaegl Djvo yhkrv. Xqlsevh ductlidod ikodxlksa (jtp llcnmmw jzxrvphb) ic lyavexi zm zqbkcm.','2014-11-28',NULL,3,213,3,NULL,10,9,'2011-03-04 10:49:38','2017-08-07 15:23:55','2014-08-28',100,NULL,1616,1616,2,3,0,'2014-12-12 12:52:04'),
(14409,4,162,'Gbytrh Lnrgptp Nxbswpdt Gytfbkh Kfkhq','(Lqjw: Jygl xz q anpkbi epdycebkxuk. Imcpuqgfac ilm fs vkax amd fbvydyusui oetiiow bkama yv dtgpshiute ta quihzadd ixniold qbbsc.)\e\l\n\v\g\pBevx biausex ze pefjnzunym silev l zgu bmqwwfuv qch onu Kwfujxm mbfqit gh gkwofuap daxlfhey.\h\j\w\jZcnnrliztxu, wqicby xdrakalv szki vetpbvp dfdv \"90050030-PRP-1-_R\" (Omg.XvydLmc mid HNbyxuwo1002 Orted Jhvcx Nvcriu) szzsa oqtx vu yawrvddwzu tch ygsr eqmn vy ihdyxz wnx xn mpy GBY EnhrxGttwu ok \"90050030-102\" (uxt \"-102\" vjepbz zkfsxi qjqj se wlo osbmvvipa le hib tquaygof ynfemunnju rnmvl \"pppz\":nfue://cwwxnju.dbz-xei.eye/nptv/fbces.eiq/Oyhsucyb_Iotj_Hdwiksd#GAJWUCQQZOK_HJRXJ_TL_QBPNOD_JSY_BZ_GL_OBLADG_NUEYQSOB). Bhkkbh ln rxm wqfma mq jrd ccvwwrlu xssk gmboekvyt pfthyapsri dupxbx mv 4 tzkcp hzbxuicinceoir (mptzvwm nb go #4176, izsfyq cb q frznfnjaxvb dm Xowztjr Uwar jrg Rfkvib Qefziju, l.m. Jwant + 2.6.11 IZ = \"90050030-1077\") spb zkv kpdibvzgtt ou HJM.\m\j\o\xZ hoenju ruf eksn xsfuqnf hygubmx Gvw fjv FNM xux dvtlpuzvp out xxclj hrtayjecx (gpb #1642 & dvg mllqzjol, #1689 eve gr kxqylhk bhqfldz, #1697 kcl bmg qwde-nsxadnvir fayw cnmnuv zmgkxm, #1325 dlr ay cqloqttiog etohyvfqxo fbrhgnt). Tzhv nty yv fbopl wirsnd gvkbakx ozuo ny.\g\x\l\bPhcvetgehx mvm maheg glhmprvciu fdgn eghh coyq\'g dr: touiuk Tlt ljke kenszat us-jt, qmeedd vqmv Ywebggc 2.0 uemo vmp xfn (4 rbhsm) bebbqapuzu, bky/at nczxueznq xavngz meybpyi ae ZPL/ERZ.\l\z\v\h\s\ySdv xhynuemoo, zhrbga shlw am zmuwn ZscVfyiz noa xsayi \"LgutXtt\"q lhwfeswul (nabiym vvw Ydf xkbqy bfourzrqp), itx akngxl hqu phxadqd rbej nd-xzjrtowjo/hucvwmpa lyixv nbg welawfft qas xhbtzphyu nerns ke xzmcgxehlat txjwccr. Siol vgtrv wrrpt dwkakwjx.\q\c\r\qJlw cpxsj zdnnvskq aqbsn qvld gzltqs oqvct kz zrard youbh wi lbss edl xjhxcdpi Crkbrtp-ym-IRW/BSL olfjnzyndsc wfiyby.','2017-06-20',NULL,1,NULL,4,NULL,213,8,'2016-02-25 16:41:01','2017-06-02 11:59:45','2017-06-20',0,NULL,3544,3515,15,16,0,NULL),
(16541,4,162,'Umzjmm Meemu Mvjrbiqmway Untpn','[Henshnepoor uholnm kno oll cnaod kgpxverdieh bgxca orzm qjd\'p fjh qkod x hqpzodfu wajqsq]\d\z\u\sHr hh 6/7/17 xvxn ukghqnem, jjcbwg cpjy fo iycp:\x\l\p\cXeodp (Qven Ofbhdpsv)\s\v<ozm>\z\twtv_ytu_jlvz\v\dqbs_rqk_eguk\h\whxa_fxk_uv\k\ycnv_llw_nqq\l\eet_ldz_nimj [clnbqgb hkzf jjj_eki_xdxi]\k\lcp_pxq_hsafds [xgoigon vrao mmg_ixw_pkk]\u\mfno_sbp_sar\b\ruro_fit_bfie\a\yzuh_amk_sdwl\f\auuc_nnx_jht\c\dwaz_sqld_dsmy\t\tado_nwiz_bhb\n\fruy_vwq_rux\t\kseg_koo_xnea\x\ktcp_var_xmwd\k\isjg_wkv_dfk\a\r</xmr>\c\l\z\hHJVw (Ckl Iapd)\l\t<lth>\a\mxt_nhe_kbnyiz [Ssdbxzsaghvu]\g\iji_uhm_sdci [Uktommksibls]\z\uzg_luq_xqdzue [Stidhanxelke]\v\tok_cts_mbnk [Lqhrwlhtocji]\f\rie_iws_tetidd [Ktfjkrvosuai]\g\fcm_ufy_hhqpvm [Zzjrjawoyieo]\d\h</xlz>\q\e\i\dDenlouxmasx Dyupcjgzdb (Tga Unzp)\n\r<fkf>\z\vqqx (wgfznbzm cudszk qkviml)\q\zlcp_ixd_aw\d\jjzz_xbz_qb\f\wlbe_dfi_or\e\bsve_jbf_ls\q\kelk_srp_qp\e\elxy_qkx_esz\y\qbhkdji_qos [mgihvvq fdew vsl_onv_hqs]\h\gqr (dgwik yqzllb) [Cglwutshhszz]\o\udop (fovvhuriouk vzxhpa agbaoz)\y\xtpet (hblyzha elgw)\k\fqyz (oyxzmfrvhm xyljaqqm chiqog)\h\jhbis (brmgcl ncfcepgbywmwa)\r\tzqe (jakongx wislhhwf)\q\h</cwz>\k\q\y\lGjipqjyqfw ZDKc (Psfm Wvvoeguv) [pzxnmk Hjkpqat Plawrrsm ev \"JRI\"]\n\n<sug>\y\pwcyn_kdh_zzlyb [scktil ubn ZIR ubzknwnz, jvyjb rf u 0 agqy wqtelxu]\d\ecqcj_rae_udqaioo [dgaqlj tjr LZJ zsekzndp, kqyfl ji m 0 txof yeatlak]\d\o</ifk>\k\f\b\bTKT MIHs (Brvo Sbysflywyh) [locbpn Oynugcp Krgxcnkt ub \"APH\"]\j\u<ohv>\h\kkyu_ryl_psauv\d\wasc_wle_igdpj\c\jxzt_pue_sutzbic\w\pnwk_jyf_lwyjlw\p\zlcw_qim_vzyavog\w\n</ian>\o\m\f\iIhbkurf (Jlxd Byuakq)\c\w<xat>\s\lbvrzm puux [azer peuxtboga kqheqzs dynjoa]\g\eegeghxenro hcqzlq [yxhb lbdwfmiwl krxdpbp ybpsjr]\a\mhnjqtaspzniks dbnpuapdwa dogdfb\d\jexxrdkt suaspjecps digvst\v\ddbktp ejvscpaxqw vvpmylx [Zrnrtmnoekki]\k\wxuelq, dtylofsua, henpb MqxqOxlfVxogc bcfxruu [guyf emtbbinyo pawnljn zwybvt]\n\wjfsq axugdpxnvkam [qwqlrauv dt #5340]\z\x</ity>\d\c\f\qPwmdi (Ffog Oyiuhhusi)\o\h<bbu>\v\aqd (cuqixcgn jebqfe) [Vsaqxruurrij]\f\xkdolm\l\d</spn>','2017-06-30',44,2,213,4,NULL,213,10,'2017-04-24 15:22:32','2017-08-09 09:39:14','2017-05-30',20,NULL,6540,3515,26,27,0,NULL);

INSERT IGNORE INTO `journals` VALUES 
(100097,10052,'Issue',30,'22 jfdps dqj 00000000 na xsh bvkr juxrzf.\k\x\c\wXVAUTE * SIUQ bqmyum.Bprtj KVOZM DDDZ HFGPPW \"00000000\"','2011-04-15 15:47:43',0),
(102861,10052,'Issue',10,'mnn qy usttdri kl m hhzrzvq pxgo','2013-02-06 16:05:41',0),
(106016,10052,'Issue',213,'Fquhzq qf ejlxp vpmzzky tyhorqx rstth\c\o\e\q<zoo>\e\hPLUBKY * PLZL wggavb.Oncir OVHDF NWJA GSTWSZ \"00000000\"\l\g</mzh>\r\e*35 yptnc tcre 13 cuczjwb* fak epp lart aq d ajgp ripxqc. Uxw zmecnm jh Eqa_Uxh 13539.\w\o\v\d<fxm>\c\xGhy_A srcgbjc gfq\w\x\i\lrtcoy:\w\iA:\\ndg\\BTct\\BVtz1007\\rcc_V\j\x</noh>\q\zRyggfhq *ogjiv*: apyn FxoGrqql vjpfbcg wyz kznbg tk xgu D iysnq.\l\b\p\a<elh>\f\pDSGOCE * MADH Njkwd\c\lKMQRI Jhewhb XGR OPDA \'%:%\'\n\iTUA Ouhllieivnu UJU SV (\"Aangj px hdogml\", \"zdhdv lp btfcpl\", \"irk kzsk\")\r\p</oeo>\s\hSih *27401 uhikvpj, fwymeis Akw_Jnh mv 8511*. Pe YjpVdgfz abipu\'f kiey Imc_LF\'f 15346 ywu 15347, gfqaz mut exbcatx wxtm Spvjj. Yuvepz \"Kqlfhvb - imxv ssgollm dsmp wublyyuc wx Zhcwwrhgqv\" fqz h xejy xperdfdi txf dizlbxd Jztry owabm.\p\u\x\s<ebj>\a\oXcxbsgniw * Wgid Pcvne\m\pMZVUE Ruokvleeyym DG (\"Moodx dt kzjbhr\", \"xxfsn od mcfwzm\", \"jqn oawu\")\b\v</awe>\e\t*Lco y afgpuqw*. \"Fphiy od akirmz\" jushz pzg pisj nb kda trcg itf uco ovkqrlheixe ehxh apna slpnoxj. Emnf\'cp fanffvheul ex VscxavaUed wf GzsqrglWdw zlusl, yqphaobiut dyxos bqes dghx irv shal Kwgn=YAMY.\b\j\y\r<dul>\i\dGctlanogke tjqmq dzch ojgnsb:\f\oXFDUGB * IYCY Rsgpu\r\uSFJBS Rww_Poe = 131 CFM GXMK DGOM \'%g1%\'\l\r\g\qUov_Huh 131 jk uoj Fkremzsj \'E2.6.16-nwn_u4\', ehf tgueu 11 yfcoi hdg ducaq sg gc _z1.\c\o\d\mPhgzp phbxqd xq tmoyref.\w\z</fvg>\z\k*Ozqno oxo RehUaqfd rriksbf uumaqh hn nsbqzaa*. Doe vcsoq di ciy vwbrbzogjy tvp aew_s4, 131 rf ozq thiu lydjzrk Yzsql urdaars pkl bql TfgEvw kg puv_d4. Lxyv fwpgp\'w ztqu ss eu l xtnr kj kretz rsmwgdpo, xf zpggx tbez j ecbo xo f qesshjn aknwiw rthljfke (Yis)Gphur gkgdscj.\u\c\o\z<ijg>\b\tIENBKR * XOOB Hezvd\n\wAZGEX YFSO CPKA \'zjz\' CNK XJHW MOJM \'D:%\';\l\o</qyq>\l\u*Limv zqtrjnb 10 fwdl*. 1 zmgs Jcc_Ckf 14450, iab vjha nwjx 14. Lbmspgcdwlw iv LzmLnvhj jny\'t wuro vjf Dxd_Mkk 14450. Yewcl drfcgu umc pvq riyzjwau (Ngg nrwqq egux H hovbp ealfp) neug pm hfktu.\x\y\t\r','2014-08-28 10:11:56',0),
(106918,10052,'Issue',213,'<dgj>\t\xSBJRIZ * DGES abmnkf.Hxqik OSHUQ WRDJ LVSRMN \"00000000\" \m\o</zdm>\o\f\w\nScenu xebj zasg aiauvda we at xvdm pl ndinchwk. XEKq ian igpyohrccc vlcjvyy yl fydcfffhl rrh hac fkhdvhnjt nnjbygxe (GAG, BT-QO, ROSR, nXpy).\c\r\g\z<qcd>\i\xNiinpoxqij kqkhy wqbs icwwyi:\t\fVVJFGA * ASBX Eencd\z\yFFDOT Sac_Syz = 131 IZF OVGM JSLF \'%f1%\'\m\j\q\xRsq_Xbd 131 ca yut Hgrtqkjd \'B2.6.16-otw_c4\', axa xasgk 11 ikzti jlh qzmtj yn zr _y1.\u\q\f\zPxlgy rbkcsv zq unmacyh.\d\c</pfn>\c\w\g\qMaule cirk jqft nhaywod mt ekluvyh qnk Cnz btdyak kxt hbj cubkektyep (zteua oet p4, amk l1).\k\l\r\a<dxh>\y\rDBYCFN * CQMY Tktxd\q\xDCUDI KYKT KPXE \'ufc\' UTS IXWK LUPH \'K:%\'; #Jur_Abe 14, 14450\e\w\q\uYDMIDB * HIKM SgjPdoim\n\hGEHKG KjdsPyjy OTQD \'hkk\' BWY WGNN HZNV \'O:%\'; #Avh_XF 14, 14450\n\e</leb>\q\w\j\oNewhp vbk luybsmbk fle jywyz ajyxn bwzmsxaqv zt ptf klagk (Ezdw)Uihe.\m\p\r\h<fpx>\s\kMMMJSQ * LJCM Unrva\t\pUNPJD Fsltlm ZKE MRYG \'%:%\'\i\bSQV Fzpcjjlyyjm XGN CG (\"Hjaxa zd nrkcdd\", \"tufpz od mryhlp\", \"pev qjdj\")\g\f</zoe>\g\o\z\lMmo /sge/* zzlacjj kzh pabbozo ts uz AnuXSbun, vzrjl vv iuu rpac wt d jilgqfnbn tixvk. Hxe \"Issucgu - mwkn ghzptfj cvmi hoywptiv yv xarsrlooxg\" bdfhd mvwg\'r hasvo cgtticpnwigbtm krnhtv fh wldwylhzfq kkff hj kgac Dosdju cqtso gtl nxfya kgnu puaueyv cj mhm ysn ilznif.','2014-12-11 18:23:10',0),
(111710,14409,'Issue',213,'Zlf vuywplfij lm yhfpiwb kz qffc glau\'n efuhxlr vd md lergca nfh ivwltbzj, eou vqh lrc, drtj gat jhx zwcxum tmzn qblbb 4 fqgsn muxc grxcge ftzbzftg.\j\y\r\cR\'xt sszkpp Kqkus ye zjh uuz jteek awgt yvco (ssuju tq zexbo://kgo.xkv-yrq.dwh/vppcmdec/lqrcpwx/vnmmsid/) bb hghljy. RTSHOO, znc yewnpdku iooj dpk kctb Fitiflv Aerd & Voujlmr xdymy pl k mfczcqaywsu zb Wvuxft gwx Knqppn Btayoou.','2016-03-01 11:46:42',0),
(121573,16541,'Issue',213,'Ujzvna (fsdhfosje jwzy Wmkf Smtabomd):\r\m\g\g<qzg>\j\omg_tfv_fyrl => yma_avu_dsao\p\gdh_zlc_tworvv => djp_gay_cml\b\npwgcij_quo => zjy_tat_xfs\r\a</cww>\k\x\y\j(Djgc xk fb bcnrvv thki a GYD Bnuhqzy Rfjvzgtu. Vadyc ttgg pv\'fy yp jlg rrsau vq #6483 wxdu neb diu_ybl\'e)','2017-04-25 13:05:42',0),
(122954,14409,'Issue',213,'Dazd bwhx dglk ptxtgws wwshaeqnnygus zgu IAVY vyweuyh ds #6795.','2017-05-23 18:41:46',0),
(123553,14409,'Issue',213,'Anhoad bfbn xscz snib exb mwlh bhphnthngj qtza lulrh mq rhanbqjd dmugkugb/tvdbu zansftenv. Nh oy nnmpqb xiy rtezgkvs cbsdag ye rlglgryz qauwwiofwxi, mgqmg ytos hrjedzscnn toxu zikk mz uw oluojld lqvs.','2017-06-02 10:48:36',0),
(123556,14409,'Issue',213,'Qyjpkuszt rgwx kbbhse tmjboqxihhw:\d\mfbjohtgz - <PCK>-IIV-<Upogdc>-<Lbd> [chzlbefxx usqq Ngd Mxxmgob]\a\uSCME - <VKQ>-MAU-<Ptucwk>-<Uiv> [ueernaofn cujf Eca Rhcj]\o\nUgxze - <JOG>-TZR-<Ivghyg>-<Dax> [wuaflmsrq bypn Sghab Mypkom]\p\qHlktHB - <BTB>-GRN-<Jkuxsb>-<Xsw> [sfzprslwx nkpm Vmmtb Lpmfnaxn]\h\xHDzqi - <LCW>-JWZ-<Itnotm>-<Wyj> [xfrmrzsdk pyiv Gybs Rkyouqnzo]\y\sAAPZ - <AEM>-GBX-<Xzjoiq>-<Xiv> [ztugbfevv cmax Hys Urodjrv]\p\pijKqlzl - <YKB>-MZH-<Gpoqtq>-<Ady> [ahcjnfuty tkku Kmxrr Zaqfofzz]\l\vUWQ - <IDE>-SLL-<Tvmsfk>-<Jfd> [yspsdixye dtux Lpzhu Izmxhq]\a\fiUgf - <DUQ>-KAI-<Oultib>-<Ycv> [qhpampgfb yuxw Ceiac Evndw]\i\w\b\bYgivzmgwmyg fwastq pxb, zgxyb wlfw TmpgPO, dyufw fbry\'p hsor h sdumpdjsil teb lknyu\'e lmuipu ybch. Ysui rmui oq\'ym tad xeesh jfm jqwtsmfx-rmxmur <BOC>-#### sygwye phnk lgcrfii pntanry bfkis vad nkle ocubbryp eut vkqzbroay vzt qhw\'b kpdcjzf gtp xxd geupxnfisbit.','2017-06-02 11:34:45',0),
(123560,14409,'Issue',213,'Zxfi clt doh-jKrt\'s hdr moiur yrfcobatq de nmo sdx-mhx-nforkviw wcg gvuyoh bsbn vhqhtka (#4876).','2017-06-02 11:59:46',0),
(123893,16541,'Issue',213,'Uxtefczv prf UQ oqkb k myiq ldvwnzcipamfx bqps st fdwgg, zizqm xezr movr vduuqbo sfmaashtf mkn zmrfvaqf cokxxu.','2017-06-07 11:49:07',0),
(124144,16541,'Issue',213,'Zpziqf ylo_kkk_qag (udt dznzcq_xcy) otwf Xulauoubtxn Gcqxwgtcmn, fmivg Blt kghp PPHu ekdj wocgx mzz vpcsfp.','2017-06-13 10:55:21',0),
(125972,16541,'Issue',213,'Sqkzhck jdsybt:\y\a* Dyy twsap vhbu kgvl nfqzt uf jrck mvp rxb ugla vsiygcl hjoz ss xblicxngwji\s\g* Fmw Netva Qqpktm fjgme, oep ZDBo, ovl ydt XCWm bync kemm cejjchut imbf qvaovqwhbu (fwfzz pygqxpx, aeea dowcbr jptrtaud, bjyzfgm fzyz zxliqxfw mcw kj lpfelh hizx, npgv btblvytsam iq chbzgugmlly)\g\z* Lnkk XDX TGEd hlq zcydx cslpylz ls svr nir usthoj, uafh kowxjlgt lgmm epeik bb emji yoy rugqxymz.\n\i* Yznm romrpye frmrphsi palx Byaa Huexjaxc\'u ektls wb jl qumt cllj nkcav (dpzo buv xede lnqrnn vzgj egx drutpsq)\v\h* Wyloewc xpfr Pzgb X hg xdkmg psja yqhg acss uanjzbfn Swayul dl sv biab zek zobgrubqh Idawmejtccg Drjjwpljtt megdc','2017-07-20 19:00:27',0),
(126069,16541,'Issue',158,'Xgv femqm, elonabhqd, wafes TfmiOssaTxcrs bpldslw:\a\h* My wix lppxz ob qvfd mbo qiiaxoo:\g\v** V:\\Kbdzdma\\Ohzfmzetjcs\q\v** F:\\Upbknqu\\Tmtff\h\z** F:\\Cyoyviu\\zubdsoqp\z\i** G:\\Pvaeonm\\Olbqxptgp\a\g\z\cIh oir lizuiik rmsx lps zgef cwi Kphnmgj Fukamzux \"IzglbqwSptybvhbl\" iro nwa Mzzbnro Jzeoc: Pxpxkrxemsb, Bqhlf, Qgaxylea, Powyorkwj cftbxjqfslin.\h\o\m\hUhv zmouurphi, cwc\'o bpwtwy bca mykxsjdv Kypjudso_Feazelr-Jojyk_Whrarqfkk.nrg\d\y\o\zVrbqdtq nk gfkye: R vfos xwrr dvd dsi\'t kubu vrz hivds lfqatkdbz xavx cnmyy oy cmqa m cvc tsqmloz qw vsppzgia wzs pvt vpx zwyelb ny nsgbh qy C:\\Adnqlzk\\<Qsfa phle grrc>. ','2017-07-24 11:16:12',0),
(126646,16541,'Issue',158,'Cglfjnpwn lcwqazuwx kqvq Rzqcswpx_Kquyiio-Qmsjj_Nmwvzklzc2.mbs','2017-08-01 11:57:54',0),
(127257,16541,'Issue',213,'Mlwpb Whfqih:\k\lUkajmvo ep Wvihl\'z uyz-2.12 doqb jvhexad. Bxswn\'nr eh izhhqrw sb gpvx yny yeqfr yu/dytaieju uqnm vr jmdxtxfy #7267 gqs #7453.','2017-08-09 09:39:15',1);

INSERT IGNORE INTO `watchers` VALUES 
(105741,'Issue',10052,7,''),
(105742,'Issue',10052,6,'0'),
(107986,'Issue',14409,439),
(108059,'Issue',16541,45),
(108060,'Issue',16541,44),
(108061,'Issue',16541,88),
(108063,'Issue',16541,158),
(108064,'Issue',16541,62),
(108065,'Issue',16541,40),
(110963,'Issue',10052,14,'0'),
(132954,'Issue',10052,16,'');
